,No.,Name,Date,Age,Expedition,Nationality,Cause of death,Location,Deaths by same cause,Year,Deaths that same year
0,1,Dorje,1922-06-07,,1922 British Mount Everest Expedition,Nepal,Avalanche,Below North Col,50.0,1922,7
1,2,Lhakpa,1922-06-07,,1922 British Mount Everest Expedition,Nepal,Avalanche,Below North Col,50.0,1922,7
2,3,Norbu,1922-06-07,,1922 British Mount Everest Expedition,Nepal,Avalanche,Below North Col,50.0,1922,7
3,4,Pasang,1922-06-07,,1922 British Mount Everest Expedition,Nepal,Avalanche,Below North Col,50.0,1922,7
4,5,Pema,1922-06-07,,1922 British Mount Everest Expedition,Nepal,Avalanche,Below North Col,50.0,1922,7
5,6,Sange,1922-06-07,,1922 British Mount Everest Expedition,Nepal,Avalanche,Below North Col,50.0,1922,7
6,7,Temba,1922-06-07,,1922 British Mount Everest Expedition,Nepal,Avalanche,Below North Col,50.0,1922,7
7,8,Man Bahadur,1924-05-13,,1924 British Mount Everest Expedition,Nepal,Pneumonia,Above Rongbuk B.C.,1.0,1924,4
8,9,Lance-Naik Shamsherpun,1924-05-17,,1924 British Mount Everest Expedition,Nepal,Brain hemorrhage,Above Rongbuk B.C.,1.0,1924,4
9,10,Andrew Irvine,1924-06-09,22.0,1924 British Mount Everest Expedition,United Kingdom,Unknown. Body never found,N.E. Ridge,1.0,1924,4
10,11,George Mallory,1924-06-09,37.0,1924 British Mount Everest Expedition,United Kingdom,Possible ice axe injury following a fall. Body found in 1999,N.E. Ridge,1.0,1924,4
11,12,Maurice Wilson,1934-05-31,36.0,Solo Expedition,United Kingdom,"Possible exhaustion, exposure or starvation. Body found 1935",East Rongbuk Glacier,1.0,1934,1
12,13,Dorje Mingma,1952-10-31,,Swiss Expedition,Nepal,Falling ice,Lhotse Face,1.0,1952,1
13,14,Wang Ji,1960-04-11,,Chinese Expedition Northern Slope,China,Mountain sickness,,1.0,1960,2
14,15,Shao Shi-Ching,1960-04-29,,Chinese Expedition Northern Slope,China,,N.E. Ridge,,1960,2
15,16,Nawang Tshering,1962-04-28,,Chinese Expedition Northern Slope,Nepal,,Lhotse face,,1962,1
16,17,Jake Breitenbach,1963-03-23,27.0,Norman Dyhrenfurth's American Mount Everest Expedition,United States,Crushed under serac,Icefall,5.0,1963,1
17,18,Ma Gao-shu,1966-05-01,,Chinese Everest Expedition,China,Fall,Icefall,46.0,1966,1
18,19,Phu Dorjee Sherpa,1969-10-18,,Japanese Everest Expedition,Nepal,Fall into a crevasse,Icefall,10.0,1969,1
19,20,Nima Dorje,1970-04-05,,Japanese Skiing Expedition,Nepal,Avalanche,Icefall,50.0,1970,7
20,21,Kunga Norbu,1970-04-05,,Japanese Skiing Expedition,Nepal,Avalanche,,50.0,1970,7
21,22,Mima Norbu,1970-04-05,,Japanese Skiing Expedition,Nepal,Avalanche,Icefall,50.0,1970,7
22,23,Pasang,1970-04-05,,Japanese Skiing Expedition,Nepal,Avalanche,Icefall,50.0,1970,7
23,24,Kami Tshering,1970-04-05,,Japanese Skiing Expedition,Nepal,Avalanche,Icefall,50.0,1970,7
24,25,Kyak Tsering,1970-04-09,36.0,Japanese Skiing Expedition,Nepal,by fall,5525 m,1.0,1970,7
25,26,Kiyoshi Narita,1970-04-21,,Japanese Skiing Expedition,Japan,Heart attack,6150m,5.0,1970,7
26,27,Harsh Vardhan,1971-04-18,31.0,International Expedition of 1971,India,Succumbed after falling and being suspended above a crevasse during a blizzard,6900m,1.0,1971,1
27,28,Tony Tighe,1972-11-16,,Mt. Qomolangma expedition,Australia,Crushed under serac,Icefall,5.0,1972,1
28,29,Jangbu,1973-10-12,,,Nepal,Avalanche,S.W. Face,50.0,1973,1
29,30,Gérard Devouassoux,1974-09-09,,French West Ridge Direct expedition,France,Avalanche,6400m,50.0,1974,6
30,31,Pemba Dorje,1974-09-09,,French West Ridge Direct expedition,Nepal,Avalanche,6400m,50.0,1974,6
31,32,Lhakpa,1974-09-09,,French West Ridge Direct expedition,Nepal,Avalanche,6400m,50.0,1974,6
32,33,Nawang Lutuk,1974-09-09,,French West Ridge Direct expedition,Nepal,Avalanche,6400m,50.0,1974,6
33,34,Nima Wangchu,1974-09-09,,French West Ridge Direct expedition,Nepal,Avalanche,6400m,50.0,1974,6
34,35,Sanu Wongal,1974-09-09,,French West Ridge Direct expedition,Nepal,Avalanche,6400m,50.0,1974,6
35,36,Wu Zhuong Yue,1975-05-04,,,China,"Exhaustion, fall",8500m,1.0,1975,3
36,37,Unknown ; deaf-mute Sherpa porter,1975-08-01,,1975 British Mount Everest Southwest Face expedition,Nepal,Drowned,Below Base Camp,2.0,1975,3
37,38,Mick Burke,1975-09-26,34.0,Bonington's 1975 Everest expedition,United Kingdom,Disappearance (likely accidental death during climb),Near Summit,11.0,1975,3
38,39,Terry Thompson,1976-04-10,,British-Nepal Army Everest Expedition,United Kingdom,Fall into a crevasse,Camp II,10.0,1976,1
39,40,Dawa Nuru,1978-04-18,,,Nepal,Fall into a crevasse,Icefall,10.0,1978,2
40,41,Shi Ming-ji,1978-04-18,,Chinese Iranian Expedition,China,Fall into a crevasse,Icefall,10.0,1978,2
41,42,Ang Phu,1979-05-16,,Yugoslavian Expedition,Nepal,Fall,Icefall,46.0,1979,6
42,43,Ray Genet,1979-10-02,48.0,Gerhard Schmatz German Expedition or 1979 Swabian expedition,United States,"Exposure, exhaustion",8400m S.E. Ridge,2.0,1979,6
43,44,Hannelore Schmatz,1979-10-02,39.0,Gerhard Schmatz German Expedition or 1979 Swabian expedition,Germany,"Exposure, exhaustion",8400m S.E. Ridge,2.0,1979,6
44,45,Wang Hong-bao,1979-10-12,,Japanese Alpine Club reconnaissance expedition,China,Avalanche,Below North Col,50.0,1979,6
45,46,Lou Lan,1979-10-12,,Japanese Alpine Club reconnaissance expedition,China,Avalanche,Below North Col,50.0,1979,6
46,47,Nima Thaxi,1979-10-12,,Japanese Alpine Club reconnaissance expedition,China,Avalanche,Below North Col,50.0,1979,6
47,48,Akira Ube,1980-05-02,31.0,Japanese Alpine Society Expedition,Japan,Avalanche,7900m North Face (Hornbein Couloir),50.0,1980,3
48,49,Nawang Kersang,1980-09-06,,Italian Expedition,Nepal,Fall,Icefall,46.0,1980,3
49,50,Mario Piana,1980-09-22,,Italian Expedition,Italy,Crushed under serac,Lhotse Face,5.0,1980,3
50,51,Noboru Takenaka,1981-01-12,28.0,Japanese Winter Expedition,Japan,Fall,6900m W. Cwm,46.0,1981,1
51,52,Marty Hoey,1982-05-15,30.0,Whittaker American Expedition,United States,Fall,8000m,46.0,1982,11
52,53,Peter Boardman,1982-05-17,31.0,British Mount Everest Expedition,United Kingdom,Disappearance (likely accidental death during climb),North-East Ridge (approx. 8200m),11.0,1982,11
53,54,Joe Tasker,1982-05-17,33.0,British Mount Everest Expedition,United Kingdom,Disappearance (likely accidental death during climb),North-East Ridge (approx. 8200m),11.0,1982,11
54,55,Ang Chuldim,1982-08-31,20.0,Bill March Canadian Expedition,Nepal,Avalanche,Icefall,50.0,1982,11
55,56,Dawa Dorje,1982-08-31,42.0,Bill March Canadian Expedition,Nepal,Avalanche,Icefall,50.0,1982,11
56,57,Pasang Sona,1982-08-31,38.0,Bill March Canadian Expedition,Nepal,Avalanche,Icefall,50.0,1982,11
57,58,Blair Griffiths,1982-09-02,33.0,Bill March Canadian Expedition,Canada,Crushed under serac,Icefall,5.0,1982,11
58,59,Lhakpa Tshering,1982-09-27,,Spanish Expedition,Nepal,Internal hemorrhage,6770m,1.0,1982,11
59,60,Nima Dorje,1982-10-14,,Spanish Expedition,Nepal,Fall,8300m W ridge,46.0,1982,11
60,61,Yasuo Kato,1982-12-28,33.0,Japanese Expedition,Japan,Disappearance (likely accidental death during climb),Near Summit,11.0,1982,11
61,62,Toshiaki Kobayashi,1982-12-28,,Japanese Expedition,Japan,Disappearance (likely accidental death during climb),Near Summit,11.0,1982,11
62,63,Hironobu Kamuro,1983-10-08,,Japanese Expedition,Japan,Fall,Near Summit,46.0,1983,3
63,64,Pasang Temba,1983-10-08,,Japanese Expedition,Nepal,Fall,8600m SE Ridge,46.0,1983,3
64,65,Hiroshi Yoshino,1983-10-09,,Japanese Expedition,Japan,Fall,Near Summit,46.0,1983,3
65,66,Ang Rinji,1984-03-26,,Indian Expedition,Nepal,Avalanche,Icefall,50.0,1984,8
66,67,Tony Swierzy,1984-04-03,27.0,Micheal Lane British North Face Expedition,United Kingdom,Avalanche,6238m,50.0,1984,8
67,68,Hristo Ivanov Prodanov,1984-04-21,40.0,Bulgarian West Face Expedition,Bulgaria,Disappearance (likely accidental death during descent),8500m West Ridge,2.0,1984,8
68,69,William (Fred) From,1984-10-09,28.0,Australian-New Zealand Expedition,Australia,"Fall, while searching for Craig Nottle",8000m,1.0,1984,8
69,70,Craig Nottle,1984-10-09,23.0,Australian-New Zealand Expedition,Australia,Fall,8000m,46.0,1984,8
70,71,Jozef Psotka,1984-10-16,50.0,Australian-New Zealand Expedition,Czechoslovakia,Fall,Near Summit,46.0,1984,8
71,72,Ang Dorje,1984-10-24,35.0,Mission to recover body of Hannelore Schmatz,Nepal,Fall,8400m S.E. Ridge,46.0,1984,8
72,73,Yogendra Bahadur Thapa,1984-10-24,36.0,Mission to recover body of Hannelore Schmatz,Nepal,Fall,8400m S.E. Ridge,46.0,1984,8
73,74,Juanjo Navarro,1985-05-12,,Navarrese Expedition,Spain,Fall,7300m,46.0,1985,7
74,75,Shinichi Ishii,1985-09-19,,Japanese Expedition,Japan,Avalanche,Below North Col,50.0,1985,7
75,76,Kiran Inder Kumar,1985-10-07,40.0,Indian Expedition,India,Fall,7986m,46.0,1985,7
76,77,Jai Bahugana,1985-10-11,,Indian Expedition,India,Exposure,South Col,25.0,1985,7
77,78,Ranjeet Singh Bakshi,1985-10-11,,Indian Expedition,India,Exposure,South Col,25.0,1985,7
78,79,Vijay Pal Singh Negi,1985-10-11,28.0,Indian Expedition,India,Exposure,South Col,25.0,1985,7
79,80,M.U. Bhaskar Rao,1985-10-11,,Indian Expedition,India,Exposure,South Col,25.0,1985,7
80,81,Víctor Hugo Trujillo,1986-08-16,22.0,,Chile,Avalanche,Below North Col,50.0,1986,4
81,82,Simon Burkhardt,1986-09-28,52.0,Eiselin Sports Expedition,Switzerland,Avalanche,7315m,50.0,1986,4
82,83,Gyalu,1986-10-04,,Eiselin Sports Expedition,Nepal,Crushed under serac,Icefall,5.0,1986,4
83,84,Dawa Norbu,1986-10-17,,Eiselin Sports Expedition,Nepal,Avalanche,Below North Col,50.0,1986,4
84,85,Tsuttin Dorje,1987-01-30,,,Nepal,Fall,7700m,46.0,1987,4
85,86,Roger Marshall,1987-05-21,45.0,,Canada,Disappearance (likely accidental death during descent),"Hornbein Couloir, Near Summit",2.0,1987,4
86,87,Masao Yokoyama,1987-09-02,44.0,Japanese Expedition,Japan,Drowned,East Rongbuk Glacier,2.0,1987,4
87,88,Mangal Singh,1987-10-20,,British Expedition,Nepal,Avalanche,Base camp,50.0,1987,4
88,89,Hidetaka Mizukoshi,1988-04-21,,"35th Anniversary climb with Chinese, Japanese and Nepalese nationals",Japan,Heart attack (at Base camp),Base camp,2.0,1988,10
89,90,Michel Parmentier,1988-09-20,,International,France,Exposure,7700m,25.0,1988,10
90,91,Narayan Shrestha,1988-09-21,,,Nepal,Avalanche,7200m,50.0,1988,10
91,92,Lhakpa Sonam,1988-10-13,,,Nepal,Fall,8200m,46.0,1988,10
92,93,Pasang Temba,1988-10-13,,,Nepal,Fall,8200m,46.0,1988,10
93,94,Dušan Becík,1988-10-17,34.0,IAMES Bratislava Expedition,Czechoslovakia,Disappearance (likely accidental death during descent after reaching South Summit with Jozef Just rejoining group after he summited Everest solo)[75][76],8000m S.W. Ridge,4.0,1988,10
94,95,Peter Božík,1988-10-17,34.0,IAMES Bratislava Expedition,Czechoslovakia,Disappearance (likely accidental death during descent after reaching South Summit with Jozef Just rejoining group after he summited Everest solo)[75][76],8000m S.W. Ridge,4.0,1988,10
95,96,Jaroslav Jaško,1988-10-17,26.0,IAMES Bratislava Expedition,Czechoslovakia,Disappearance (likely accidental death during descent after reaching South Summit with Jozef Just rejoining group after he summited Everest solo)[75][76],8000m S.W. Ridge,4.0,1988,10
96,97,Jozef Just,1988-10-17,33.0,IAMES Bratislava Expedition,Czechoslovakia,Disappearance (likely accidental death during descent after reaching South Summit with Jozef Just rejoining group after he summited Everest solo)[75][76],8000m S.W. Ridge,4.0,1988,10
97,98,Ang Lhakpa,1988-12-23,,,Nepal,Cerebral thrombosis,South Col,1.0,1988,10
98,99,Dimitar Ilievski-Murato,1989-05-10,35.0,,Yugoslavia,Fall,Descending South Col Route,46.0,1989,8
99,100,Phu Dorje,1989-05-16,,,Nepal,Fall,Descending South Col Route,46.0,1989,8
100,101,Mirosław Dąsal,1989-05-27,37.0,Polish-led expedition that included four U.S. mountaineers,Poland,Avalanche,7200m W ridge,50.0,1989,8
101,102,Mirosław Gardzielewski,1989-05-27,35.0,Polish-led expedition that included four U.S. mountaineers,Poland,Avalanche,7200m W ridge,50.0,1989,8
102,103,Andrzej Heinrich,1989-05-27,51.0,Polish-led expedition that included four U.S. mountaineers,Poland,Avalanche,7200m W ridge,50.0,1989,8
103,104,Wacław Otręba,1989-05-27,50.0,Polish-led expedition that included four U.S. mountaineers,Poland,Avalanche,7200m W ridge,50.0,1989,8
104,105,Eugeniusz Chrobak,1989-05-28,30.0,Polish-led expedition that included four U.S. mountaineers,Poland,Avalanche injuries,Lhola camp,1.0,1989,8
105,106,Ang Pinjo,1989-12-12,,South Korean expedition,Nepal,"Altitude sickness, heart attack",,1.0,1989,8
106,107,Rafael Gómez-Menor,1990-09-14,,,Spain,Avalanche,,50.0,1990,4
107,108,Ang Sona,1990-09-14,,,Nepal,Avalanche,,50.0,1990,4
108,109,Badri Nath,1990-09-14,,,Nepal,Avalanche,,50.0,1990,4
109,110,Ham Sang-hun,1990-10-07,,Japanese Korean expedition,South Korea,Disappearance (likely accidental death during climb),,11.0,1990,4
110,111,Rüdiger Lang,1991-05-03,,Austrian solo expedition,Germany,Exposure,7850m N.E. Ridge,25.0,1991,2
111,112,Junichi Futagami,1991-05-27,,Japanese solo expedition,Japan,Fall,8700m NE,46.0,1991,2
112,113,Deepak Kulkarni,1992-05-02,,Indian expedition,India,Exposure,,25.0,1992,5
113,114,Raymond Jacob,1992-05-02,,Indian expedition,India,Exposure,,25.0,1992,5
114,115,Subba Singh,1992-05-11,43.0,,Nepal,Heart attack,,5.0,1992,5
115,116,Sher Singh,1992-05-23,,Indian Expedition,India,Fall,Icefall,46.0,1992,5
116,117,Manabu Hoshi,1992-05-23,,Japanese Expedition,Japan,Disappearance (likely accidental death during climb),8350m NE,11.0,1992,5
117,118,Ang Tshering,1993-01-15,,Spanish Expedition,Nepal,Fall,,46.0,1993,8
118,119,Pasang Lhamu Sherpa,1993-04-23,32.0,Nepalese Expedition,Nepal,Disappearance (likely accidental death during climb),8750m S.E. Ridge,11.0,1993,8
119,120,Sonam Tshering,1993-04-23,,Nepalese Expedition,Nepal,,8750m S.E. Ridge,,1993,8
120,121,Lobsang Tshering Bhutia,1993-05-10,41.0,40th anniversary of Tenzing Norgay's climb,Nepal,Fall,8750m S.E. Ridge,46.0,1993,8
121,122,Nam Won-woo,1993-05-16,,South Korean expedition,South Korea,Fall,8450m S.E. Ridge,46.0,1993,8
122,123,A Jin-seob,1993-05-17,,South Korean expedition,South Korea,Fall,8450m S.E. Ridge,46.0,1993,8
123,124,Karl Henize,1993-10-05,66.0,American expedition,United States,HAPE,6400m,2.0,1993,8
124,125,Antonio Miranda,1993-10-07,,,Spain,Fall,,46.0,1993,8
125,126,Prem Thapa,1994-04-06,,German Expedition,Nepal,Cerebral oedema,,3.0,1994,5
126,127,Shih Fang-Fang 'Norman',1994-05-09,27.0,Taiwanese,Taiwan,Exhaustion and/or exposure,,3.0,1994,5
127,128,Giuseppe Vigani,1994-05-18,43.0,Italian Expedition,Italy,Fall,North Face,46.0,1994,5
128,129,Mike Rheinberger,1994-05-27,53.0,Australian Expedition,Australia,"150m fall. He showed signs of exhaustion, dehydration, cerebral oedema, retinal hemorrhages and possible blood clots in his upper legs.",8500m NE,1.0,1994,5
129,130,Mingma Norbu,1994-09-12,,Norwegian Expedition,Nepal,Avalanche,,50.0,1994,5
130,131,Kami Rita,1995-05-06,,American Expedition,Nepal,Fall,,46.0,1995,3
131,132,Lhakpa Nuru,1995-09-10,,South Korean Expedition,Nepal,,6900m,,1995,3
132,133,Zangbu,1995-10-14,,South Korean Expedition,Nepal,Fall,Near Summit,46.0,1995,3
133,134,Chen Yu-Nan,1996-05-09,36.0,"""Makalu"" Gau Ming-Ho Taiwanese expedition",Taiwan,Injuries from a fall,,1.0,1996,15
134,135,Scott Fischer,1996-05-11,40.0,Mountain Madness,United States,"Suspected HACE (high-altitude cerebral edema), exhaustion, frostbite and exposure.",8300m S.E. Ridge,1.0,1996,15
135,136,Rob Hall,1996-05-11,35.0,Adventure Consultants,New Zealand,Exposure,South Summit,25.0,1996,15
136,137,Doug Hansen,1996-05-11,46.0,Adventure Consultants,United States,Exposure,South Summit,25.0,1996,15
137,138,Andrew Harris,1996-05-11,31.0,Adventure Consultants,New Zealand,Disappearance (likely accidental death during climb),8700m S.E. Ridge,11.0,1996,15
138,139,Yasuko Namba,1996-05-11,47.0,Adventure Consultants,Japan,Exposure,South Col,25.0,1996,15
139,140,Dorje Morup,1996-05-11,47.0,Indo-Tibetan Border Police,India,Exposure,8600m N.E. Ridge,25.0,1996,15
140,141,Tsewang Paljor,1996-05-11,28.0,Indo-Tibetan Border Police,India,Exposure,8600m N.E. Ridge,25.0,1996,15
141,142,Tsewang Samanla,1996-05-11,38.0,Indo-Tibetan Border Police,India,Exposure,8600m N.E. Ridge,25.0,1996,15
142,143,Reinhard Wlasich,1996-05-19,,Austrian,Austria,Altitude sickness,"8300m North Face, Great Couloir",17.0,1996,15
143,144,Bruce Herrod,1996-05-25,37.0,South African/British,United Kingdom,Rope accident,"S.E. Ridge, Hillary Step",1.0,1996,15
144,145,Ngawang Topche,1996-06-06,,American,Nepal,Lapsed into coma on 23 Apr 1996; later died in hospital,Camp II,1.0,1996,15
145,146,Yves Bouchon,1996-09-25,,French/Belgian/Swiss,France,Avalanche,7400m Lhotse Face,50.0,1996,15
146,147,Lopsang Jangbu,1996-09-25,24.0,Japanese,Nepal,Avalanche,7400m Lhotse Face,50.0,1996,15
147,148,Dawa,1996-09-25,,South Korea,Nepal,Avalanche,7400m Lhotse Face,50.0,1996,15
148,149,Malcolm Duff,1997-04-23,,British,United Kingdom,Heart attack (at Base camp),Base Camp,2.0,1997,9
149,150,Nima Rinzi,1997-05-06,,Malaysian,United Kingdom,Fall,Lhotse Face,46.0,1997,9
150,151,Aleksandr Torochin,1997-05-07,,Russian,Russia,Fall,8400m N.E. Ridge,46.0,1997,9
151,152,Ivan Plotnikov,1997-05-07,,Russian,Russia,Exhaustion and/or exposure,8700m N.E. Ridge,3.0,1997,9
152,153,Nikolai Shevtchenko,1997-05-07,,Russian,Russia,Exhaustion and/or exposure,8700m N.E. Ridge,3.0,1997,9
153,154,Mingma,1997-05-07,,Russian,Nepal,Fall,N.E. Ridge,46.0,1997,9
154,155,Peter Kowalzik,1997-05-08,,Polish,Germany,Disappearance (likely accidental death during climb),N.E. Ridge,11.0,1997,9
155,156,Tenzing Nuru,1997-09-08,,American,Nepal,Disappearance (likely accidental death during climb),S.E. Ridge,11.0,1997,9
156,157,Choi Byong-soo,1997-09-08,,South Korean,South Korea,Avalanche,North Col Flank,50.0,1997,9
157,158,Sergei Arsentiev,1998-05-24,,Russian/French,United States,100m fall,N.E. Ridge,1.0,1998,5
158,159,Francys Arsentiev,1998-05-24,40.0,Russian/French,United States,Exposure and/or cerebral oedema,N.E. Ridge,1.0,1998,5
159,160,Mark Jennings,1998-05-25,,British,United Kingdom,Exhaustion,N.E. Ridge,9.0,1998,5
160,161,Roger Buick,1998-05-26,,New Zealand,New Zealand,Exhaustion,N.E. Ridge,9.0,1998,5
161,162,Shahid Abdul Khader,1998-07-24,21.0,,India,Died due to fall,North Col,1.0,1998,5
162,163,Vasyl Kopytko,1999-05-08,,Ukrainian,Ukraine,Unknown cause,N.E. Ridge,1.0,1999,4
163,164,Michael Matthews,1999-05-13,22.0,International,United Kingdom,,S.E. Ridge,,1999,4
164,165,Tadeusz Kudelski,1999-05-18,44.0,Polish International,Poland,Fall,N.E. Ridge,46.0,1999,4
165,166,Pascal Debrouwer,1999-05-18,29.0,Belgian International,Belgium,Fall,N.E. Ridge,46.0,1999,4
166,167,Jeppe Stoltz,2000-05-20,27.0,,Denmark,Fall,N.E. Ridge,46.0,2000,2
167,168,Yan Genghua,2000-05-21,,Chinese,China,"Disappeared after reaching the north summit; body found on May 27, 2000; likely accidental death during descent",N.E. Ridge,1.0,2000,2
168,169,Babu Chiri Sherpa,2001-04-29,35.0,Nepalese,Nepal,Fall,N.E. Ridge,46.0,2001,5
169,170,Peter Ganner,2001-05-23,,Austrian,Austria,Fall,8500m S.E. Ridge,46.0,2001,5
170,171,Mark Auricht,2001-05-24,,Australian,Australia,Cerebral oedema,N.E. Ridge,3.0,2001,5
171,172,Aleksei Nikiforov,2001-05-24,,Russian,Russia,"Pre-existing illness exacerbated by freezing conditions, altitude",8500m N.E. Ridge,1.0,2001,5
172,173,Sándor Gárdos,2001-10-17,,Hungarian,Hungary,Fall,7800m N.E. Ridge,46.0,2001,5
173,174,Peter Legate,2002-04-30,38.0,British International,United Kingdom,Fall into a crevasse,Below Camp III,10.0,2002,3
174,175,Zoran Miletić,2002-05-19,,Russian International,Yugoslavia,Exact cause and date of death unknown,7800m N.E. Ridge,1.0,2002,3
175,176,Marco Siffredi,2002-09-08,23.0,International,France,Snowboarding accident,Hornbein Couloir,1.0,2002,3
176,177,Bhim Bahadur Gurung,2003-05-27,,Indo-Nepal,Nepal,Fall into a crevasse,5900m Icefall,10.0,2003,4
177,178,Jan Krzysztof Liszewski,2003-05-25,55.0,Independent,Poland,Fall,7900m N.E. Ridge,46.0,2003,4
178,179,Arnaud Saulnier,2003-05-08,,French,France,Sickness in tent,5500m S.E. Ridge,1.0,2003,4
179,180,Karma Gyalzen Sherpa,2003-05-24,,International,Nepal,Altitude sickness,6000m S.E. Ridge,17.0,2003,4
180,181,Joon-ho Baek,2004-05-18,38.0,South Korean,South Korea,Exposure,8500m N.E. Ridge,25.0,2004,7
181,182,Min Jang,2004-05-18,28.0,South Korean,South Korea,Exposure,8500m N.E. Ridge,25.0,2004,7
182,183,Mu-taek Park,2004-05-18,36.0,South Korean,South Korea,Exposure,8500m N.E. Ridge,25.0,2004,7
183,184,Nils Antezana,2004-05-18,69.0,International,United States,Exposure,8600m S.E. Ridge,25.0,2004,7
184,185,Hristo Ganchev Hristov,2004-05-20,27.0,Bulgarian,Bulgaria,Exposure,8600m N.E. Ridge,25.0,2004,7
185,186,Shoko Ota,2004-05-20,63.0,Japanese,Japan,Exposure,8600m N.E. Ridge,25.0,2004,7
186,187,Mariana Prodanova Maslarova,2004-05-23,43.0,Bulgarian,Bulgaria,Exposure,8700m N.E. Ridge,25.0,2004,7
187,188,Sean Egan,2005-04-28,63.0,Tim Redpath Expedition,Canada,Heart attack,4600m S.E. Ridge,5.0,2005,6
188,189,Michael Corey O'Brien[118],2005-05-02,39.0,Charity run with brother,United States,Fall into a crevasse,5800m Icefall South,10.0,2005,6
189,190,Marko Lihteneker,2005-05-21,45.0,,Slovenia,Oxygen problems,8600m N.E. Ridge,1.0,2005,6
190,191,Sirigereshiva Shankarappa Chaitanya,2005-05-30,,India,India,Exposure,8700m N.E. Ridge,25.0,2005,6
191,192,Dieter Kramer,2005-06-04,,German,Germany,Exposure,8000m N.E.,25.0,2005,6
192,193,Robert William Milne,2005-06-05,49.0,,United Kingdom,Organ failure due to freezing conditions,8200m S.E. Ridge,1.0,2005,6
193,194,Tuk Bahadur Thapa Magar Sherpa,2006-04-07,,American,Nepal,Altitude,5500m N.E. Ridge,1.0,2006,11
194,195,Ang Phinjo Sherpa,2006-04-21,50.0,American,Nepal,Avalanche,5900m Icefall,50.0,2006,11
195,196,Lhakpa Tseri,2006-04-21,,American,Nepal,Avalanche,5900m Icefall,50.0,2006,11
196,197,Dawa Temba,2006-04-21,,American,Nepal,Avalanche,5900m Icefall,50.0,2006,11
197,198,Jacques-Hugues Letrange,2006-05-06,,American,France,Exhaustion,N.E. Ridge,9.0,2006,11
198,199,Srikrishna,2006-05-14,,Indian,India,Fall,8600m N.E. Ridge,46.0,2006,11
199,200,David Sharp,2006-05-15,34.0,Asian Trekking,United Kingdom,Exposure and/or exhaustion,8600m N.E. Ridge,2.0,2006,11
200,201,Tomas Olsson,2006-05-16,30.0,,Sweden,Fall,8700m Norton Couloir,46.0,2006,11
201,202,Vitor Negrete,2006-05-19,38.0,Asian Trekking,Brazil,Exposure and/or exhaustion,"Camp III, 8200m N.E. Ridge",2.0,2006,11
202,203,Igor Plyushkin,2006-05-22,,Asian Trekking,Russia,Altitude sickness,7800m N.E. Ridge,17.0,2006,11
203,204,Thomas Weber,2006-05-25,,Asian Trekking,Germany,Altitude sickness,8700m N.E. Ridge,17.0,2006,11
204,205,Dawa Sherpa,2007-04-26,,,Nepal,,7200m South Col,,2007,7
205,206,Shinichi Ishii,2007-05-17,,,Japan,,8650m,,2007,7
206,207,Libor Kozak,2007-05-17,,,Czech,,8300m,,2007,7
207,208,Yoshitomi Okura,2007-05-16,62.0,Japanese,Japan,,N.E. Ridge,,2007,7
208,209,Maurizio Pierangelo,2007-05-17,46.0,Italian,Italy,,N.E. Ridge,,2007,7
209,210,Oh Hee-joon,2007-05-17,37.0,South Korean,South Korea,,S.W. Face,,2007,7
210,211,Lee Hyun-jo,2007-05-17,34.0,,South Korea,,S.W. Face,,2007,7
211,212,Uwe Gianni Goltz,2008-05-21,44.0,Sherpas documentary team,Switzerland,Exhaustion,8000m South Col,9.0,2008,1
212,213,Lhakpa Nuru,2009-05-07,,Eco Everest Expedition,Nepal,Avalanche,Icefall,50.0,2009,4
213,214,Věslav Chrzaszcz,2009-05-18,47.0,Eco Everest Expedition,Czech,Heart attack,,5.0,2009,4
214,215,Wenhong Wu,2009-05-19,41.0,,China,Altitude sickness,8750m,17.0,2009,4
215,216,Frank Ziebarth,2009-05-21,29.0,,Canada,Hypothermia and lack of oxygen,8700m North Summit,1.0,2009,4
216,217,László Várkonyi,2010-04-26,54.0,,Hungary,Avalanche crevasse fall,North Col,1.0,2010,3
217,218,Tom Jørgensen,2010-05-19,56.0,,Denmark,HACE,,1.0,2010,3
218,219,Peter Kinloch,2010-05-26,28.0,International,United Kingdom,Exhaustion,8600m,9.0,2010,3
219,220,Rick Hitch,2011-05-01,55.0,International,United States,Heart attack,7010m,5.0,2011,6
220,221,Alston Mendonca,2011-05-04,55.0,International,India,Heart Break,7010m,1.0,2011,6
221,222,Shailendra Kumar Upadhyaya,2011-05-09,82.0,Nepal,Nepal,Altitude sickness,Base Camp,17.0,2011,6
222,223,Takashi Ozaki,2011-05-12,58.0,International,Japan,Altitude sickness,8400m The Balcony,17.0,2011,6
223,224,John Delaney,2011-05-21,42.0,International,Ireland,Altitude sickness,8400m The Balcony,17.0,2011,6
224,225,Hiroaki Kino,2011-09-15,48.0,,Japan,Cerebral apoplexy,Lower Icefall,1.0,2011,6
225,226,Dawa Tenzing,2012-04-05,,Himex,Nepal,Stroke (CVA),Icefall,1.0,2012,10
226,227,Karsang Namgyal Sherpa,2012-04-19,,Prestige Adventures,Nepal,Altitude sickness,Base Camp,17.0,2012,10
227,228,Ramesh Gulve,2012-04-20,33.0,Pune team,India,Stroke,Base Camp,2.0,2012,10
228,229,Namgyal Tshering Sherpa,2012-04-21,28.0,,Nepal,Fall into a crevasse,Camp I,10.0,2012,10
229,230,Shriya Shah-Klorfine,2012-05-19,33.0,Utmost Adventures,Canada,Exhaustion,Below Balcony 8300m,9.0,2012,10
230,231,Eberhard Schaaf,2012-05-19,61.0,Asian Trekking,Germany,Cerebral oedema,Hillary Step,3.0,2012,10
231,232,Song Won-bin,2012-05-19,44.0,Korean Everest & Lhotse Expedition,South Korea,Fall,Balcony,46.0,2012,10
232,233,Ha Wenyi,2012-05-20,55.0,Mountain Experience,China,Suspected altitude sickness,Balcony,4.0,2012,10
233,234,Juan José Polo Carbayo,2012-05-20,43.0,Himalayan Guides,Spain,Exhaustion,8300m N.E. Ridge,9.0,2012,10
234,235,Ralf D. Arnold,2012-05-20,43.0,Monterosa,Germany,Exhaustion and related complications after breaking leg at Second Step,8300m N.E. Ridge,1.0,2012,10
235,236,Mingma Sherpa,2013-04-07,45.0,Destination Himalaya,Nepal,Falling into a crevasse,Between Camps I and II in the Western Cwm,1.0,2013,9
236,237,DaRita Sherpa,2013-05-05,37.0,International Mountain Guides,Nepal,Suspected cardiac arrest,Camp III on south side,2.0,2013,9
237,238,Sergey Ponomarev,2013-05-05,,7 Summits Club Everest expedition,Russia,Suspected cardiac arrest,At 100m above ABC on north side (at about 6500m),2.0,2013,9
238,239,Lobsang Sherpa,2013-05-07,22.0,Chinese expedition team,Nepal,Fall,Between Camp II and Camp III on descent from Camp IV (on south side),46.0,2013,9
239,240,Alexey Bolotov,2013-05-15,50.0,Russian South-West Face expedition,Russia,Fall,5600m Icefall,46.0,2013,9
240,241,Namgyal Sherpa,2013-05-17,35.0,,Nepal,,8300m N.E. Ridge,,2013,9
241,242,Seo Sung-ho,2013-05-21,33.0,Zero to 8848 expedition,South Korea,Suspected altitude sickness,On descent (south side),4.0,2013,9
242,243,Sajal Khaled (Mohammed Khaled Hossain),2013-05-21,35.0,,Bangladesh,Suspected altitude sickness,South Col Camp,4.0,2013,9
243,244,Unknown climber,2013-05-22,,,Nepal,Suspected altitude sickness,Camp IV (south side) in tent,4.0,2013,9
244,245,Mingma Tenzing Sherpa,2014-04-02,,Peak Freaks Expedition,Nepal,HAPE,Everest Base Camp,2.0,2014,16
245,246,Mingma Nuru Sherpa,2014-04-18,46.0,NBC Everest Expedition,Nepal,2014 Mount Everest Avalanche,Icefall,15.0,2014,16
246,247,Dorji Sherpa,2014-04-18,,NBC Everest Expedition,Nepal,2014 Mount Everest Avalanche,Icefall,15.0,2014,16
247,248,Ang Tshiri Sherpa,2014-04-18,,AAI Everest Expedition 2014,Nepal,2014 Mount Everest Avalanche,Icefall,15.0,2014,16
248,249,Nima Sherpa,2014-04-18,,AAI Everest Expedition 2014,Nepal,2014 Mount Everest Avalanche,Icefall,15.0,2014,16
249,250,Tenzing Chottar Sherpa,2014-04-18,,AAI Everest Expedition 2014,Nepal,2014 Mount Everest Avalanche,Icefall,15.0,2014,16
250,251,Phurba Ongyal Sherpa,2014-04-18,,Adventure Consultants,Nepal,2014 Mount Everest Avalanche,Icefall,15.0,2014,16
251,252,Lapka Tenjing Sherpa,2014-04-18,,Adventure Consultants,Nepal,2014 Mount Everest Avalanche,Icefall,15.0,2014,16
252,253,Chhiring Ongchu Sherpa,2014-04-18,,Adventure Consultants,Nepal,2014 Mount Everest Avalanche,Icefall,15.0,2014,16
253,254,Dorjee Khatri,2014-04-18,,Adventurist Everest Expedition 2014,Nepal,2014 Mount Everest Avalanche,Icefall,15.0,2014,16
254,255,Then Dorjee Sherpa,2014-04-18,,Adventurist Everest Expedition 2014,Nepal,2014 Mount Everest Avalanche,Icefall,15.0,2014,16
255,256,Phur Temba Sherpa,2014-04-18,,Adventurist Everest Expedition 2014,Nepal,2014 Mount Everest Avalanche,Icefall,15.0,2014,16
256,257,Pasang Karma Sherpa,2014-04-18,,Jagged Globe Everest Expedition 2014,Nepal,2014 Mount Everest Avalanche,Icefall,15.0,2014,16
257,258,Ankaji Sherpa,2014-04-18,,Everest Chinese Dream Expedition 2014,Nepal,2014 Mount Everest Avalanche,Icefall,15.0,2014,16
258,259,PemTenji Sherpa,2014-04-18,,Everest Chinese Dream Expedition 2014,Nepal,2014 Mount Everest Avalanche,Icefall,15.0,2014,16
259,260,Aash Bahadur Gurung,2014-04-18,,Everest Chinese Dream Expedition 2014,Nepal,2014 Mount Everest Avalanche,Icefall,15.0,2014,16
260,261,Daniel Paul Fredinburg,2015-04-25,33.0,2015 Jagged Globe Everest Expedition,United States,Base Camp avalanche following the April 2015 Nepal earthquake,Base Camp,16.0,2015,17
261,262,Marisa Eve Girawong,2015-04-25,28.0,H.G. Nuptse Expedition 2015,United States,Base Camp avalanche following the April 2015 Nepal earthquake,Base Camp,16.0,2015,17
262,263,Thomas Ely Taplin,2015-04-25,61.0,TET Films & Photography,United States,Base Camp avalanche following the April 2015 Nepal earthquake,Base Camp,16.0,2015,17
263,264,Pemba Sherpa,2015-04-25,19.0,Adventure Consultants,Nepal,Base Camp avalanche following the April 2015 Nepal earthquake,Base Camp,16.0,2015,17
264,265,Dawa Tsering Sherpa,2015-04-25,33.0,Adventure Consultants,Nepal,Base Camp avalanche following the April 2015 Nepal earthquake,Base Camp,16.0,2015,17
265,266,Maila (Milan) Rai,2015-04-25,41.0,Adventure Consultants,Nepal,Base Camp avalanche following the April 2015 Nepal earthquake,Base Camp,16.0,2015,17
266,267,Chhimi Dawa Sherpa,2015-04-25,27.0,Adventure Consultants,Nepal,Base Camp avalanche following the April 2015 Nepal earthquake,Base Camp,16.0,2015,17
267,268,Pema Yishi (Hissi) Sherpa,2015-04-25,,Adventure Consultants,Nepal,Base Camp avalanche following the April 2015 Nepal earthquake,Base Camp,16.0,2015,17
268,269,Pasang Temba Sherpa,2015-04-25,,Tim Mosedale Everest Expedition (or H.G. Everest Expedition 2015),Nepal,Base Camp avalanche following the April 2015 Nepal earthquake,Base Camp,16.0,2015,17
269,270,Krishna Kumar Rai,2015-04-25,,Tim Mosedale Everest Expedition (or H.G. Everest Expedition 2015),Nepal,Base Camp avalanche following the April 2015 Nepal earthquake,Base Camp,16.0,2015,17
270,271,Tenzing (Tengien) Bhote,2015-04-25,,Tim Mosedale Everest Expedition (or H.G. Everest Expedition 2015),Nepal,Base Camp avalanche following the April 2015 Nepal earthquake,Base Camp,16.0,2015,17
271,272,Renu Fotedar,2015-04-25,49.0,First Chinese Women Everest Expedition,Australia,Base Camp avalanche following the April 2015 Nepal earthquake,Base Camp,16.0,2015,17
272,273,Lhakpa Chhiring Sherpa,2015-04-25,33.0,First Chinese Women Everest Expedition,Nepal,Base Camp avalanche following the April 2015 Nepal earthquake,Base Camp,16.0,2015,17
273,274,Vinh B Truong,2015-04-25,48.0,Trekker,United States,Base Camp avalanche following the April 2015 Nepal earthquake,Base Camp,16.0,2015,17
274,275,Shiva Kumar Shrestha,2015-04-25,25.0,Step Up Campaign Everest,Nepal,Base Camp avalanche following the April 2015 Nepal earthquake,Base Camp,16.0,2015,17
275,276,Unknown climber,2015-04-25,,,,Base Camp avalanche following the April 2015 Nepal earthquake,Base Camp,16.0,2015,17
276,277,Jangbu Sherpa,2015-05-01,,Adventure Consultants,Nepal,Died in Kathmandu due to injuries sustained in the Base Camp avalanche following the April 2015 Nepal earthquake,Base Camp,1.0,2015,17
277,278,Charles MacAdams,2016-05-11,62.0,,Canada,Cardiac event,Base Camp North Side,1.0,2016,7
278,279,Phurba Sherpa,2016-05-19,25.0,,Nepal,Fall,Near summit,46.0,2016,7
279,280,Eric Arnold,2016-05-21,35.0,Arnold Coster Expeditions,Netherlands,Altitude sickness,South Col / Camp IV,17.0,2016,7
280,281,Marisa Elizabeth Strydom,2016-05-22,34.0,Arnold Coster Expeditions,Australia,"Snow blindness, stroke",Near Camp IV,1.0,2016,7
281,282,Subhash Pal,2016-05-22,44.0,Trekking Camp Nepal,India,Altitude sickness,Around Camp III,17.0,2016,7
282,283,Paresh Chandra Nath,2016-05-22,58.0,Trekking Camp Nepal,India,Exposure,The Balcony,25.0,2016,7
283,284,Goutam Ghosh,2016-05-22,50.0,Trekking Camp Nepal,India,Exposure,The Balcony,25.0,2016,7
284,285,Min Bahadur Sherchan,2017-05-05,85.0,,Nepal,Heart Attack,Base Camp,1.0,2017,5
285,286,Roland Yearwood,2017-05-20,50.0,Everest Parivar Treks,United States,Altitude sickness,Balcony,17.0,2017,5
286,287,Vladimír Štrba,2017-05-21,48.0,Everest Hard Way Slovak Expedition 2017,Slovakia,Altitude sickness,"Camp IV, in the tent",17.0,2017,5
287,288,Francesco Enrico Marchetti,2017-05-21,54.0,Expedition Himalaya,Australia,Altitude sickness,Camp IV,17.0,2017,5
288,289,Ravi Kumar,2017-05-21,27.0,Arun Treks and Expedition,India,Fall into a 200m crevasse,Balcony,1.0,2017,5
289,290,Lam Babu Sherpa,2018-05-14,45.0,Seven Summit Treks,Nepal,Disappearance (reportedly suffered from snow blindness),Above South Col,1.0,2018,5
290,291,Pasang Norbu Sherpa,2018-05-18,41.0,7 Summits Club Expedition,Nepal,Stroke,8550m N.E. Ridge,2.0,2018,5
291,292,Gjeorgi Petkov,2018-05-20,63.0,Tim Mosedale Everest Expedition Spring 2018,North Macedonia,Cardiac arrest,Above Camp III,1.0,2018,5
292,293,Nobukazu Kuriki,2018-05-21,36.0,Solo,Japan,"Hypothermia, had previously reported ""persistent cough and pain"" during attempt",Camp II,1.0,2018,5
293,294,Damai Sarki Sherpa,2018-05-21,37.0,"Himalayan Ascent, Seven Summit Treks",Nepal,Fall into a crevasse,Camp II,10.0,2018,5
294,295,Chris Daly,2019-04-20,35.0,Solo,United States,Died after a fall while trekking down from base camp,Base Camp,1.0,2019,12
295,296,Séamus (Shay) Lawless,2019-05-16,39.0,Seven Summit Treks,Ireland,Presumed dead after fall,Balcony,1.0,2019,12
296,297,Ravi Thakar,2019-05-17,28.0,Seven Summit Treks,India,Altitude sickness,Camp 4,17.0,2019,12
297,298,Donald Cash,2019-05-22,55.0,Pioneer Adventures,United States,Altitude sickness,Hillary Step,17.0,2019,12
298,299,Nihal Bagwan,2019-05-23,27.0,Peak Promotions,India,Exhaustion on descent,near South Col,4.0,2019,12
299,300,Ernst Landgraf,2019-05-23,65.0,Kobler & Partners,Austria,Exhaustion on descent,Tibet side at 8600m after summiting,4.0,2019,12
300,301,Anjali S Kulkarni,2019-05-23,54.0,Transcent or Arun Treks,India,Exhaustion on descent,Near Camp IV,4.0,2019,12
301,302,Kalpana Dash,2019-05-23,52.0,Dreamers Destination Treks,India,Exhaustion on descent,Near Balcony,4.0,2019,12
302,303,Kevin Hynes,2019-05-24,56.0,360 Expeditions,Ireland,Altitude sickness,North Col,17.0,2019,12
303,304,Dhruba Bista,2019-05-24,,Himalayan Ecstasy (Ski) Treks,Nepal,Exhaustion and altitude sickness,Base Camp following evacuation from Camp III,1.0,2019,12
304,305,Robin Haynes Fisher,2019-05-25,44.0,Summit Climb/ Everest Parivar Expedition Ltd,United Kingdom,Exhaustion during descent,100 metres below peak,1.0,2019,12
305,306,Christopher Jon Kulish,2019-05-27,62.0,Climbing the Seven Summits,United States,Cardiac event during descent,South Col,1.0,2019,12
306,307,Puwei Liu,2021-05-12,55.0,Seven Summit Treks,United States,Exhaustion,Near South Summit,9.0,2021,4
307,308,Abdul Waraich,2021-05-12,41.0,Seven Summit Treks,Switzerland,Exhaustion,Near South Summit,9.0,2021,4
308,309,Pemba Tashi Sherpa,2021-05-18,28.0,Climbing the Seven Summits,Nepal,Fall into a crevasse,Between Camp I & Camp II,10.0,2021,4
309,310,Wong Dorchi Sherpa,2021-05-23,,7 Summits Club,Nepal,,near South Col,,2021,4
